,year,unemployment,state
0,1990,6.908333333333332,Arkansas
1,1991,7.425000000000001,Arkansas
2,1992,7.091666666666666,Arkansas
3,1993,6.141666666666667,Arkansas
4,1994,5.375,Arkansas
5,1995,4.85,Arkansas
6,1996,5.249999999999999,Arkansas
7,1997,5.233333333333333,Arkansas
8,1998,5.175000000000001,Arkansas
9,1999,4.6000000000000005,Arkansas
10,2000,4.2749999999999995,Arkansas
11,2001,4.95,Arkansas
12,2002,5.474999999999999,Arkansas
13,2003,5.9333333333333345,Arkansas
14,2004,5.7,Arkansas
15,2005,5.2250000000000005,Arkansas
16,2006,5.175,Arkansas
17,2007,5.3,Arkansas
18,2008,5.5,Arkansas
19,2009,7.824999999999999,Arkansas
20,2010,8.191666666666666,Arkansas
21,2011,8.291666666666666,Arkansas
22,2012,7.575,Arkansas
23,2013,7.216666666666666,Arkansas
24,2014,6.016666666666666,Arkansas
25,2015,5.008333333333333,Arkansas
26,2016,3.9666666666666663,Arkansas
27,2017,3.683333333333334,Arkansas
28,2018,3.6416666666666675,Arkansas
29,2019,3.5500000000000003,Arkansas
30,2020,6.575,Arkansas
31,1990,5.741666666666667,California
32,1991,7.616666666666667,California
33,1992,9.05,California
34,1993,9.283333333333333,California
35,1994,8.333333333333334,California
36,1995,7.791666666666667,California
37,1996,6.941666666666666,California
38,1997,6.1833333333333345,California
39,1998,5.7,California
40,1999,5.008333333333333,California
41,2000,4.775,California
42,2001,5.333333333333333,California
43,2002,6.616666666666667,California
44,2003,6.741666666666666,California
45,2004,6.091666666666666,California
46,2005,5.416666666666665,California
47,2006,4.949999999999999,California
48,2007,5.458333333333333,California
49,2008,7.191666666666666,California
50,2009,10.991666666666667,California
51,2010,12.116666666666665,California
52,2011,11.549999999999999,California
53,2012,10.183333333333334,California
54,2013,8.65,California
55,2014,7.216666666666666,California
56,2015,6.05,California
57,2016,5.566666666666667,California
58,2017,4.8,California
59,2018,4.125000000000001,California
60,2019,3.8916666666666675,California
61,2020,9.133333333333333,California
62,1990,5.233333333333334,Colorado
63,1991,5.258333333333334,Colorado
64,1992,6.0,Colorado
65,1993,5.324999999999999,Colorado
66,1994,4.233333333333333,Colorado
67,1995,4.008333333333335,Colorado
68,1996,4.241666666666666,Colorado
69,1997,3.4499999999999997,Colorado
70,1998,3.5999999999999996,Colorado
71,1999,3.0749999999999997,Colorado
72,2000,2.7583333333333333,Colorado
73,2001,3.816666666666667,Colorado
74,2002,5.525000000000001,Colorado
75,2003,5.949999999999999,Colorado
76,2004,5.474999999999999,Colorado
77,2005,5.0249999999999995,Colorado
78,2006,4.308333333333333,Colorado
79,2007,3.725,Colorado
80,2008,4.8500000000000005,Colorado
81,2009,7.300000000000001,Colorado
82,2010,8.725000000000001,Colorado
83,2011,8.358333333333334,Colorado
84,2012,7.891666666666667,Colorado
85,2013,6.849999999999999,Colorado
86,2014,4.991666666666666,Colorado
87,2015,3.8833333333333333,Colorado
88,2016,3.2999999999999994,Colorado
89,2017,2.791666666666666,Colorado
90,2018,3.158333333333333,Colorado
91,2019,2.7583333333333333,Colorado
92,2020,7.075,Colorado
93,1990,5.125,Connecticut
94,1991,6.533333333333334,Connecticut
95,1992,7.541666666666665,Connecticut
96,1993,6.625,Connecticut
97,1994,5.616666666666667,Connecticut
98,1995,5.491666666666666,Connecticut
99,1996,5.5,Connecticut
100,1997,5.0,Connecticut
101,1998,3.441666666666667,Connecticut
102,1999,2.875,Connecticut
103,2000,2.408333333333333,Connecticut
104,2001,3.1166666666666667,Connecticut
105,2002,4.308333333333334,Connecticut
106,2003,5.408333333333332,Connecticut
107,2004,4.958333333333332,Connecticut
108,2005,4.875,Connecticut
109,2006,4.333333333333333,Connecticut
110,2007,4.4750000000000005,Connecticut
111,2008,5.666666666666667,Connecticut
112,2009,7.925000000000001,Connecticut
113,2010,9.133333333333335,Connecticut
114,2011,8.825,Connecticut
115,2012,8.350000000000001,Connecticut
116,2013,7.808333333333333,Connecticut
117,2014,6.625,Connecticut
118,2015,5.725000000000001,Connecticut
119,2016,5.166666666666667,Connecticut
120,2017,4.7,Connecticut
121,2018,4.158333333333332,Connecticut
122,2019,3.741666666666666,Connecticut
123,2020,7.266666666666667,Connecticut
124,1990,4.708333333333333,Delaware
125,1991,6.208333333333332,Delaware
126,1992,5.416666666666667,Delaware
127,1993,5.058333333333334,Delaware
128,1994,4.783333333333333,Delaware
129,1995,4.325,Delaware
130,1996,5.091666666666667,Delaware
131,1997,4.008333333333334,Delaware
132,1998,3.7083333333333335,Delaware
133,1999,3.4083333333333328,Delaware
134,2000,3.758333333333333,Delaware
135,2001,3.491666666666667,Delaware
136,2002,4.016666666666667,Delaware
137,2003,4.241666666666666,Delaware
138,2004,3.991666666666667,Delaware
139,2005,4.141666666666667,Delaware
140,2006,3.591666666666667,Delaware
141,2007,3.441666666666667,Delaware
142,2008,4.966666666666666,Delaware
143,2009,8.258333333333333,Delaware
144,2010,8.416666666666666,Delaware
145,2011,7.5,Delaware
146,2012,7.208333333333333,Delaware
147,2013,6.691666666666666,Delaware
148,2014,5.716666666666666,Delaware
149,2015,4.858333333333333,Delaware
150,2016,4.525,Delaware
151,2017,4.466666666666666,Delaware
152,2018,3.783333333333333,Delaware
153,2019,3.766666666666666,Delaware
154,2020,8.333333333333334,Delaware
155,1990,6.266666666666667,DC
156,1991,7.758333333333334,DC
157,1992,8.608333333333333,DC
158,1993,8.533333333333333,DC
159,1994,7.966666666666666,DC
160,1995,8.750000000000002,DC
161,1996,8.416666666666666,DC
162,1997,8.008333333333335,DC
163,1998,8.408333333333333,DC
164,1999,6.366666666666667,DC
165,2000,5.599999999999999,DC
166,2001,6.358333333333332,DC
167,2002,6.3999999999999995,DC
168,2003,6.833333333333333,DC
169,2004,7.783333333333334,DC
170,2005,6.383333333333333,DC
171,2006,5.791666666666665,DC
172,2007,5.533333333333334,DC
173,2008,6.441666666666666,DC
174,2009,9.275,DC
175,2010,9.408333333333333,DC
176,2011,10.158333333333333,DC
177,2012,9.041666666666666,DC
178,2013,8.491666666666667,DC
179,2014,7.766666666666666,DC
180,2015,6.883333333333333,DC
181,2016,6.108333333333334,DC
182,2017,6.066666666666666,DC
183,2018,5.708333333333335,DC
184,2019,5.474999999999999,DC
185,2020,7.941666666666666,DC
186,1990,5.883333333333334,Florida
187,1991,7.308333333333334,Florida
188,1992,8.066666666666666,Florida
189,1993,7.041666666666667,Florida
190,1994,6.150000000000001,Florida
191,1995,5.191666666666666,Florida
192,1996,4.816666666666667,Florida
193,1997,4.5249999999999995,Florida
194,1998,4.1000000000000005,Florida
195,1999,3.716666666666667,Florida
196,2000,3.6250000000000004,Florida
197,2001,4.6000000000000005,Florida
198,2002,5.733333333333334,Florida
199,2003,5.325,Florida
200,2004,4.716666666666668,Florida
201,2005,3.766666666666666,Florida
202,2006,3.3166666666666664,Florida
203,2007,4.141666666666667,Florida
204,2008,6.524999999999999,Florida
205,2009,10.391666666666666,Florida
206,2010,11.033333333333331,Florida
207,2011,10.091666666666667,Florida
208,2012,8.508333333333333,Florida
209,2013,7.191666666666666,Florida
210,2014,6.2,Florida
211,2015,5.375,Florida
212,2016,4.7250000000000005,Florida
213,2017,4.166666666666667,Florida
214,2018,3.608333333333333,Florida
215,2019,3.225,Florida
216,2020,7.408333333333334,Florida
217,1990,5.466666666666666,Georgia
218,1991,5.208333333333333,Georgia
219,1992,6.891666666666667,Georgia
220,1993,6.05,Georgia
221,1994,5.208333333333333,Georgia
222,1995,4.825,Georgia
223,1996,4.683333333333334,Georgia
224,1997,4.583333333333332,Georgia
225,1998,4.283333333333334,Georgia
226,1999,3.916666666666666,Georgia
227,2000,3.5833333333333326,Georgia
228,2001,4.033333333333332,Georgia
229,2002,4.999999999999999,Georgia
230,2003,4.825,Georgia
231,2004,4.758333333333334,Georgia
232,2005,5.324999999999999,Georgia
233,2006,4.7250000000000005,Georgia
234,2007,4.541666666666667,Georgia
235,2008,6.266666666666667,Georgia
236,2009,9.933333333333334,Georgia
237,2010,10.491666666666665,Georgia
238,2011,10.233333333333333,Georgia
239,2012,9.191666666666666,Georgia
240,2013,8.2,Georgia
241,2014,7.099999999999999,Georgia
242,2015,5.983333333333332,Georgia
243,2016,5.383333333333333,Georgia
244,2017,4.691666666666666,Georgia
245,2018,3.949999999999999,Georgia
246,2019,3.4333333333333336,Georgia
247,2020,6.316666666666666,Georgia
248,1990,2.6833333333333336,Hawaii
249,1991,2.875,Hawaii
250,1992,4.333333333333333,Hawaii
251,1993,4.508333333333334,Hawaii
252,1994,5.508333333333334,Hawaii
253,1995,5.875,Hawaii
254,1996,6.258333333333334,Hawaii
255,1997,6.233333333333333,Hawaii
256,1998,6.091666666666668,Hawaii
257,1999,5.3999999999999995,Hawaii
258,2000,4.258333333333334,Hawaii
259,2001,4.458333333333334,Hawaii
260,2002,4.241666666666666,Hawaii
261,2003,4.125,Hawaii
262,2004,3.391666666666667,Hawaii
263,2005,2.858333333333334,Hawaii
264,2006,2.6416666666666666,Hawaii
265,2007,2.775,Hawaii
266,2008,4.325,Hawaii
267,2009,7.125,Hawaii
268,2010,6.95,Hawaii
269,2011,6.8,Hawaii
270,2012,6.008333333333333,Hawaii
271,2013,4.883333333333332,Hawaii
272,2014,4.358333333333333,Hawaii
273,2015,3.566666666666667,Hawaii
274,2016,2.9499999999999993,Hawaii
275,2017,2.433333333333333,Hawaii
276,2018,2.516666666666667,Hawaii
277,2019,2.7166666666666663,Hawaii
278,2020,11.991666666666667,Hawaii
279,1990,5.541666666666667,Idaho
280,1991,6.191666666666667,Idaho
281,1992,6.358333333333333,Idaho
282,1993,5.974999999999999,Idaho
283,1994,5.408333333333334,Idaho
284,1995,5.416666666666667,Idaho
285,1996,5.300000000000002,Idaho
286,1997,5.1416666666666675,Idaho
287,1998,5.108333333333334,Idaho
288,1999,4.8999999999999995,Idaho
289,2000,4.699999999999998,Idaho
290,2001,5.091666666666667,Idaho
291,2002,5.533333333333332,Idaho
292,2003,5.6000000000000005,Idaho
293,2004,4.933333333333333,Idaho
294,2005,4.033333333333332,Idaho
295,2006,3.475,Idaho
296,2007,3.0416666666666665,Idaho
297,2008,5.141666666666667,Idaho
298,2009,8.733333333333334,Idaho
299,2010,8.966666666666667,Idaho
300,2011,8.316666666666666,Idaho
301,2012,7.2,Idaho
302,2013,6.116666666666667,Idaho
303,2014,4.833333333333334,Idaho
304,2015,4.1000000000000005,Idaho
305,2016,3.7833333333333337,Idaho
306,2017,3.2083333333333335,Idaho
307,2018,2.908333333333333,Idaho
308,2019,2.899999999999999,Idaho
309,2020,5.400000000000001,Idaho
310,1994,5.25,Illinois
311,1995,4.675,Illinois
312,1996,4.925,Illinois
313,1997,4.191666666666667,Illinois
314,1998,3.924999999999999,Illinois
315,1999,3.9583333333333335,Illinois
316,2000,4.133333333333334,Illinois
317,2001,4.85,Illinois
318,2002,5.691666666666667,Illinois
319,2003,6.375,Illinois
320,2004,5.841666666666668,Illinois
321,2005,5.2250000000000005,Illinois
322,2006,4.533333333333332,Illinois
323,2007,4.975,Illinois
324,2008,6.475000000000001,Illinois
325,2009,10.2,Illinois
326,2010,10.058333333333332,Illinois
327,2011,9.1,Illinois
328,2012,8.541666666666666,Illinois
329,2013,8.691666666666666,Illinois
330,2014,6.883333333333334,Illinois
331,2015,5.925,Illinois
332,2016,5.841666666666666,Illinois
333,2017,4.95,Illinois
334,2018,4.758333333333333,Illinois
335,2019,4.441666666666667,Illinois
336,2020,7.966666666666668,Illinois
337,1990,5.3,Indiana
338,1991,5.966666666666668,Indiana
339,1992,6.558333333333333,Indiana
340,1993,5.3999999999999995,Indiana
341,1994,4.85,Indiana
342,1995,4.608333333333333,Indiana
343,1996,4.058333333333333,Indiana
344,1997,3.491666666666667,Indiana
345,1998,3.0833333333333335,Indiana
346,1999,3.0416666666666674,Indiana
347,2000,3.141666666666667,Indiana
348,2001,4.233333333333333,Indiana
349,2002,5.191666666666667,Indiana
350,2003,5.3,Indiana
351,2004,5.358333333333333,Indiana
352,2005,5.466666666666666,Indiana
353,2006,5.083333333333333,Indiana
354,2007,4.5583333333333345,Indiana
355,2008,5.916666666666667,Indiana
356,2009,10.291666666666666,Indiana
357,2010,10.341666666666667,Indiana
358,2011,9.108333333333334,Indiana
359,2012,8.35,Indiana
360,2013,7.633333333333333,Indiana
361,2014,5.958333333333332,Indiana
362,2015,4.833333333333333,Indiana
363,2016,4.433333333333333,Indiana
364,2017,3.558333333333333,Indiana
365,2018,3.475,Indiana
366,2019,3.316666666666667,Indiana
367,2020,7.133333333333333,Indiana
368,1990,4.416666666666667,Iowa
369,1991,4.658333333333334,Iowa
370,1992,4.466666666666666,Iowa
371,1993,4.058333333333333,Iowa
372,1994,3.4999999999999996,Iowa
373,1995,3.4583333333333335,Iowa
374,1996,3.525,Iowa
375,1997,3.108333333333334,Iowa
376,1998,2.7416666666666667,Iowa
377,1999,2.591666666666667,Iowa
378,2000,2.6249999999999996,Iowa
379,2001,3.3249999999999997,Iowa
380,2002,4.008333333333334,Iowa
381,2003,4.491666666666667,Iowa
382,2004,4.491666666666667,Iowa
383,2005,4.250000000000001,Iowa
384,2006,3.7000000000000006,Iowa
385,2007,3.7000000000000006,Iowa
386,2008,4.233333333333333,Iowa
387,2009,6.391666666666668,Iowa
388,2010,6.008333333333333,Iowa
389,2011,5.5249999999999995,Iowa
390,2012,5.033333333333333,Iowa
391,2013,4.733333333333333,Iowa
392,2014,4.241666666666667,Iowa
393,2015,3.758333333333334,Iowa
394,2016,3.625,Iowa
395,2017,3.1166666666666667,Iowa
396,2018,2.6166666666666667,Iowa
397,2019,2.7416666666666667,Iowa
398,2020,5.583333333333332,Iowa
399,1990,4.316666666666667,Kansas
400,1991,4.408333333333334,Kansas
401,1992,4.491666666666668,Kansas
402,1993,4.966666666666667,Kansas
403,1994,4.891666666666666,Kansas
404,1995,4.416666666666667,Kansas
405,1996,4.241666666666667,Kansas
406,1997,3.7583333333333333,Kansas
407,1998,3.5250000000000004,Kansas
408,1999,3.266666666666666,Kansas
409,2000,3.608333333333333,Kansas
410,2001,4.208333333333333,Kansas
411,2002,5.0583333333333345,Kansas
412,2003,5.508333333333334,Kansas
413,2004,5.449999999999999,Kansas
414,2005,5.008333333333333,Kansas
415,2006,4.391666666666666,Kansas
416,2007,4.241666666666665,Kansas
417,2008,4.625000000000001,Kansas
418,2009,6.866666666666667,Kansas
419,2010,7.058333333333334,Kansas
420,2011,6.491666666666666,Kansas
421,2012,5.733333333333334,Kansas
422,2013,5.308333333333333,Kansas
423,2014,4.533333333333332,Kansas
424,2015,4.183333333333334,Kansas
425,2016,4.025,Kansas
426,2017,3.65,Kansas
427,2018,3.291666666666666,Kansas
428,2019,3.150000000000001,Kansas
429,2020,6.0249999999999995,Kansas
430,1990,5.983333333333333,Kentucky
431,1991,7.291666666666665,Kentucky
432,1992,6.858333333333333,Kentucky
433,1993,6.258333333333333,Kentucky
434,1994,5.374999999999999,Kentucky
435,1995,5.408333333333334,Kentucky
436,1996,5.45,Kentucky
437,1997,5.341666666666666,Kentucky
438,1998,4.6000000000000005,Kentucky
439,1999,4.5,Kentucky
440,2000,4.166666666666667,Kentucky
441,2001,5.158333333333333,Kentucky
442,2002,5.683333333333334,Kentucky
443,2003,6.133333333333333,Kentucky
444,2004,5.408333333333334,Kentucky
445,2005,5.866666666666666,Kentucky
446,2006,5.733333333333334,Kentucky
447,2007,5.375,Kentucky
448,2008,6.466666666666668,Kentucky
449,2009,10.33333333333333,Kentucky
450,2010,10.166666666666668,Kentucky
451,2011,9.375,Kentucky
452,2012,8.166666666666666,Kentucky
453,2013,8.016666666666667,Kentucky
454,2014,6.458333333333332,Kentucky
455,2015,5.275,Kentucky
456,2016,5.125000000000001,Kentucky
457,2017,4.891666666666667,Kentucky
458,2018,4.333333333333332,Kentucky
459,2019,4.2749999999999995,Kentucky
460,2020,6.8500000000000005,Kentucky
461,1990,6.191666666666666,Louisiana
462,1991,7.291666666666665,Louisiana
463,1992,8.025,Louisiana
464,1993,7.641666666666666,Louisiana
465,1994,7.841666666666666,Louisiana
466,1995,6.983333333333333,Louisiana
467,1996,6.6000000000000005,Louisiana
468,1997,6.0,Louisiana
469,1998,5.691666666666666,Louisiana
470,1999,5.075,Louisiana
471,2000,5.3,Louisiana
472,2001,5.741666666666667,Louisiana
473,2002,6.158333333333334,Louisiana
474,2003,6.425000000000001,Louisiana
475,2004,5.916666666666667,Louisiana
476,2005,7.125000000000001,Louisiana
477,2006,4.424999999999999,Louisiana
478,2007,4.241666666666667,Louisiana
479,2008,4.925,Louisiana
480,2009,6.825,Louisiana
481,2010,7.949999999999999,Louisiana
482,2011,7.833333333333332,Louisiana
483,2012,7.091666666666668,Louisiana
484,2013,6.675,Louisiana
485,2014,6.366666666666667,Louisiana
486,2015,6.324999999999999,Louisiana
487,2016,6.066666666666667,Louisiana
488,2017,5.116666666666666,Louisiana
489,2018,4.874999999999999,Louisiana
490,2019,4.8083333333333345,Louisiana
491,2020,8.850000000000001,Louisiana
492,1990,5.341666666666668,Maine
493,1991,7.566666666666666,Maine
494,1992,7.274999999999999,Maine
495,1993,7.250000000000001,Maine
496,1994,6.991666666666667,Maine
497,1995,5.933333333333333,Maine
498,1996,5.208333333333333,Maine
499,1997,5.0249999999999995,Maine
500,1998,4.499999999999999,Maine
501,1999,3.9416666666666664,Maine
502,2000,3.358333333333334,Maine
503,2001,3.8249999999999997,Maine
504,2002,4.3500000000000005,Maine
505,2003,4.958333333333333,Maine
506,2004,4.641666666666667,Maine
507,2005,4.875,Maine
508,2006,4.566666666666667,Maine
509,2007,4.683333333333333,Maine
510,2008,5.516666666666667,Maine
511,2009,8.083333333333334,Maine
512,2010,8.124999999999998,Maine
513,2011,7.891666666666667,Maine
514,2012,7.466666666666668,Maine
515,2013,6.650000000000001,Maine
516,2014,5.608333333333333,Maine
517,2015,4.383333333333334,Maine
518,2016,3.7666666666666675,Maine
519,2017,3.3750000000000004,Maine
520,2018,3.2416666666666667,Maine
521,2019,3.016666666666666,Maine
522,2020,6.166666666666668,Maine
523,1990,4.458333333333334,Maryland
524,1991,6.108333333333333,Maryland
525,1992,6.7749999999999995,Maryland
526,1993,6.183333333333334,Maryland
527,1994,5.258333333333334,Maryland
528,1995,5.041666666666668,Maryland
529,1996,5.033333333333333,Maryland
530,1997,4.949999999999999,Maryland
531,1998,4.391666666666667,Maryland
532,1999,3.558333333333333,Maryland
533,2000,3.583333333333334,Maryland
534,2001,4.008333333333334,Maryland
535,2002,4.433333333333332,Maryland
536,2003,4.424999999999999,Maryland
537,2004,4.241666666666667,Maryland
538,2005,4.124999999999999,Maryland
539,2006,3.8666666666666667,Maryland
540,2007,3.4499999999999993,Maryland
541,2008,4.25,Maryland
542,2009,7.016666666666667,Maryland
543,2010,7.6499999999999995,Maryland
544,2011,7.249999999999999,Maryland
545,2012,6.966666666666668,Maryland
546,2013,6.566666666666666,Maryland
547,2014,5.816666666666666,Maryland
548,2015,5.066666666666667,Maryland
549,2016,4.4416666666666655,Maryland
550,2017,4.233333333333334,Maryland
551,2018,3.958333333333332,Maryland
552,2019,3.591666666666667,Maryland
553,2020,6.791666666666665,Maryland
554,1990,6.300000000000001,Massachusetts
555,1991,8.616666666666667,Massachusetts
556,1992,8.458333333333334,Massachusetts
557,1993,6.991666666666666,Massachusetts
558,1994,6.024999999999999,Massachusetts
559,1995,5.283333333333332,Massachusetts
560,1996,4.441666666666667,Massachusetts
561,1997,3.9166666666666665,Massachusetts
562,1998,3.2916666666666674,Massachusetts
563,1999,3.1749999999999994,Massachusetts
564,2000,2.7083333333333335,Massachusetts
565,2001,3.725,Massachusetts
566,2002,5.258333333333334,Massachusetts
567,2003,5.716666666666666,Massachusetts
568,2004,5.141666666666667,Massachusetts
569,2005,4.849999999999999,Massachusetts
570,2006,4.891666666666666,Massachusetts
571,2007,4.6000000000000005,Massachusetts
572,2008,5.550000000000001,Massachusetts
573,2009,8.1,Massachusetts
574,2010,8.291666666666666,Massachusetts
575,2011,7.241666666666667,Massachusetts
576,2012,6.658333333333334,Massachusetts
577,2013,6.716666666666668,Massachusetts
578,2014,5.75,Massachusetts
579,2015,4.791666666666667,Massachusetts
580,2016,3.8833333333333333,Massachusetts
581,2017,3.741666666666667,Massachusetts
582,2018,3.358333333333334,Massachusetts
583,2019,2.908333333333333,Massachusetts
584,2020,9.816666666666668,Massachusetts
585,1990,7.291666666666667,Michigan
586,1991,8.825000000000001,Michigan
587,1992,8.666666666666666,Michigan
588,1993,7.374999999999999,Michigan
589,1994,6.391666666666668,Michigan
590,1995,5.591666666666666,Michigan
591,1996,4.983333333333333,Michigan
592,1997,4.291666666666668,Michigan
593,1998,3.866666666666667,Michigan
594,1999,3.6,Michigan
595,2000,3.8333333333333335,Michigan
596,2001,5.283333333333333,Michigan
597,2002,6.2749999999999995,Michigan
598,2003,7.108333333333333,Michigan
599,2004,6.883333333333334,Michigan
600,2005,6.625,Michigan
601,2006,6.958333333333335,Michigan
602,2007,6.891666666666666,Michigan
603,2008,7.875,Michigan
604,2009,12.525,Michigan
605,2010,11.6,Michigan
606,2011,9.658333333333333,Michigan
607,2012,8.416666666666666,Michigan
608,2013,8.075000000000001,Michigan
609,2014,6.366666666666666,Michigan
610,2015,5.125,Michigan
611,2016,4.766666666666666,Michigan
612,2017,4.625000000000001,Michigan
613,2018,4.0666666666666655,Michigan
614,2019,3.9166666666666665,Michigan
615,2020,8.433333333333334,Michigan
616,1990,4.7749999999999995,Minnesota
617,1991,5.166666666666667,Minnesota
618,1992,5.125000000000001,Minnesota
619,1993,4.9750000000000005,Minnesota
620,1994,4.058333333333333,Minnesota
621,1995,3.725,Minnesota
622,1996,3.941666666666667,Minnesota
623,1997,3.2583333333333333,Minnesota
624,1998,2.6750000000000003,Minnesota
625,1999,2.775,Minnesota
626,2000,3.141666666666667,Minnesota
627,2001,3.7750000000000004,Minnesota
628,2002,4.491666666666666,Minnesota
629,2003,4.883333333333334,Minnesota
630,2004,4.675,Minnesota
631,2005,4.066666666666666,Minnesota
632,2006,3.9916666666666667,Minnesota
633,2007,4.550000000000002,Minnesota
634,2008,5.441666666666666,Minnesota
635,2009,7.766666666666667,Minnesota
636,2010,7.391666666666666,Minnesota
637,2011,6.491666666666667,Minnesota
638,2012,5.608333333333334,Minnesota
639,2013,4.958333333333333,Minnesota
640,2014,4.158333333333332,Minnesota
641,2015,3.6833333333333336,Minnesota
642,2016,3.8666666666666667,Minnesota
643,2017,3.4083333333333337,Minnesota
644,2018,2.941666666666667,Minnesota
645,2019,3.224999999999999,Minnesota
646,2020,5.900000000000001,Minnesota
647,1990,7.591666666666668,Mississippi
648,1991,8.541666666666666,Mississippi
649,1992,8.041666666666666,Mississippi
650,1993,6.625000000000001,Mississippi
651,1994,6.266666666666667,Mississippi
652,1995,6.216666666666666,Mississippi
653,1996,6.0249999999999995,Mississippi
654,1997,5.708333333333333,Mississippi
655,1998,5.266666666666667,Mississippi
656,1999,5.116666666666666,Mississippi
657,2000,5.358333333333334,Mississippi
658,2001,5.533333333333334,Mississippi
659,2002,6.6000000000000005,Mississippi
660,2003,6.3,Mississippi
661,2004,6.158333333333332,Mississippi
662,2005,7.5,Mississippi
663,2006,6.558333333333333,Mississippi
664,2007,6.091666666666666,Mississippi
665,2008,6.599999999999999,Mississippi
666,2009,9.475,Mississippi
667,2010,10.358333333333333,Mississippi
668,2011,9.983333333333333,Mississippi
669,2012,9.000000000000002,Mississippi
670,2013,8.533333333333333,Mississippi
671,2014,7.491666666666666,Mississippi
672,2015,6.366666666666667,Mississippi
673,2016,5.808333333333333,Mississippi
674,2017,5.1,Mississippi
675,2018,4.858333333333333,Mississippi
676,2019,5.425000000000001,Mississippi
677,2020,7.991666666666667,Mississippi
678,1990,5.8500000000000005,Missouri
679,1991,6.583333333333332,Missouri
680,1992,6.191666666666667,Missouri
681,1993,6.2250000000000005,Missouri
682,1994,5.058333333333333,Missouri
683,1995,4.725,Missouri
684,1996,4.758333333333332,Missouri
685,1997,4.3583333333333325,Missouri
686,1998,4.116666666666666,Missouri
687,1999,3.3083333333333336,Missouri
688,2000,3.5833333333333335,Missouri
689,2001,4.591666666666668,Missouri
690,2002,5.374999999999999,Missouri
691,2003,5.625,Missouri
692,2004,5.858333333333334,Missouri
693,2005,5.375,Missouri
694,2006,4.866666666666666,Missouri
695,2007,5.083333333333333,Missouri
696,2008,6.175000000000001,Missouri
697,2009,9.258333333333335,Missouri
698,2010,9.575000000000001,Missouri
699,2011,8.491666666666665,Missouri
700,2012,6.9750000000000005,Missouri
701,2013,6.733333333333332,Missouri
702,2014,6.133333333333333,Missouri
703,2015,4.999999999999999,Missouri
704,2016,4.575,Missouri
705,2017,3.733333333333334,Missouri
706,2018,3.1666666666666665,Missouri
707,2019,3.2416666666666667,Missouri
708,2020,6.05,Missouri
709,1990,5.9750000000000005,Montana
710,1991,6.883333333333334,Montana
711,1992,6.749999999999999,Montana
712,1993,6.033333333333332,Montana
713,1994,5.233333333333333,Montana
714,1995,5.650000000000001,Montana
715,1996,5.325,Montana
716,1997,5.349999999999999,Montana
717,1998,5.5249999999999995,Montana
718,1999,5.250000000000001,Montana
719,2000,4.95,Montana
720,2001,4.541666666666667,Montana
721,2002,4.3999999999999995,Montana
722,2003,4.708333333333332,Montana
723,2004,4.7666666666666675,Montana
724,2005,4.325,Montana
725,2006,3.5083333333333333,Montana
726,2007,3.5750000000000006,Montana
727,2008,5.108333333333333,Montana
728,2009,6.841666666666666,Montana
729,2010,7.3,Montana
730,2011,6.941666666666666,Montana
731,2012,5.983333333333333,Montana
732,2013,5.408333333333332,Montana
733,2014,4.658333333333333,Montana
734,2015,4.208333333333334,Montana
735,2016,4.125,Montana
736,2017,3.9583333333333326,Montana
737,2018,3.641666666666667,Montana
738,2019,3.5,Montana
739,2020,5.866666666666667,Montana
740,1990,2.35,Nebraska
741,1991,2.65,Nebraska
742,1992,2.866666666666666,Nebraska
743,1993,2.7583333333333333,Nebraska
744,1994,2.633333333333334,Nebraska
745,1995,2.641666666666666,Nebraska
746,1996,2.7416666666666667,Nebraska
747,1997,2.4916666666666663,Nebraska
748,1998,2.55,Nebraska
749,1999,2.7750000000000004,Nebraska
750,2000,2.8333333333333335,Nebraska
751,2001,3.1333333333333333,Nebraska
752,2002,3.650000000000001,Nebraska
753,2003,3.9416666666666664,Nebraska
754,2004,3.858333333333333,Nebraska
755,2005,3.8000000000000007,Nebraska
756,2006,3.133333333333334,Nebraska
757,2007,3.0000000000000004,Nebraska
758,2008,3.3416666666666663,Nebraska
759,2009,4.641666666666666,Nebraska
760,2010,4.625,Nebraska
761,2011,4.391666666666667,Nebraska
762,2012,4.016666666666667,Nebraska
763,2013,3.766666666666667,Nebraska
764,2014,3.266666666666667,Nebraska
765,2015,3.008333333333334,Nebraska
766,2016,3.066666666666667,Nebraska
767,2017,2.916666666666666,Nebraska
768,2018,2.916666666666666,Nebraska
769,2019,3.0583333333333336,Nebraska
770,2020,4.233333333333333,Nebraska
771,1990,4.7250000000000005,Nevada
772,1991,5.841666666666666,Nevada
773,1992,6.650000000000001,Nevada
774,1993,6.849999999999999,Nevada
775,1994,6.175000000000001,Nevada
776,1995,5.558333333333333,Nevada
777,1996,5.041666666666667,Nevada
778,1997,4.391666666666666,Nevada
779,1998,4.208333333333333,Nevada
780,1999,4.0,Nevada
781,2000,4.166666666666667,Nevada
782,2001,5.2,Nevada
783,2002,5.616666666666666,Nevada
784,2003,5.075,Nevada
785,2004,4.300000000000001,Nevada
786,2005,4.091666666666667,Nevada
787,2006,4.050000000000001,Nevada
788,2007,4.491666666666666,Nevada
789,2008,6.708333333333333,Nevada
790,2009,11.299999999999999,Nevada
791,2010,13.499999999999998,Nevada
792,2011,13.016666666666667,Nevada
793,2012,11.191666666666665,Nevada
794,2013,9.625,Nevada
795,2014,7.916666666666667,Nevada
796,2015,6.758333333333334,Nevada
797,2016,5.708333333333333,Nevada
798,2017,5.008333333333333,Nevada
799,2018,4.449999999999999,Nevada
800,2019,3.9000000000000004,Nevada
801,2020,13.016666666666666,Nevada
802,1990,5.666666666666667,NewHampshire
803,1991,7.291666666666667,NewHampshire
804,1992,7.291666666666665,NewHampshire
805,1993,6.116666666666666,NewHampshire
806,1994,4.7250000000000005,NewHampshire
807,1995,3.9749999999999996,NewHampshire
808,1996,3.8083333333333336,NewHampshire
809,1997,3.3249999999999997,NewHampshire
810,1998,2.8333333333333335,NewHampshire
811,1999,2.7083333333333335,NewHampshire
812,2000,2.6750000000000003,NewHampshire
813,2001,3.441666666666667,NewHampshire
814,2002,4.466666666666667,NewHampshire
815,2003,4.333333333333333,NewHampshire
816,2004,3.7750000000000004,NewHampshire
817,2005,3.5750000000000006,NewHampshire
818,2006,3.441666666666667,NewHampshire
819,2007,3.525,NewHampshire
820,2008,3.8666666666666667,NewHampshire
821,2009,6.2250000000000005,NewHampshire
822,2010,5.833333333333335,NewHampshire
823,2011,5.408333333333334,NewHampshire
824,2012,5.483333333333334,NewHampshire
825,2013,5.083333333333333,NewHampshire
826,2014,4.283333333333333,NewHampshire
827,2015,3.3749999999999996,NewHampshire
828,2016,2.8666666666666667,NewHampshire
829,2017,2.7249999999999996,NewHampshire
830,2018,2.5749999999999997,NewHampshire
831,2019,2.5500000000000007,NewHampshire
832,2020,6.816666666666667,NewHampshire
833,1990,5.05,NewJersey
834,1991,6.716666666666668,NewJersey
835,1992,8.366666666666667,NewJersey
836,1993,7.625,NewJersey
837,1994,6.816666666666666,NewJersey
838,1995,6.408333333333334,NewJersey
839,1996,6.141666666666668,NewJersey
840,1997,5.275,NewJersey
841,1998,4.574999999999998,NewJersey
842,1999,4.508333333333334,NewJersey
843,2000,3.6999999999999997,NewJersey
844,2001,4.2749999999999995,NewJersey
845,2002,5.783333333333332,NewJersey
846,2003,5.833333333333333,NewJersey
847,2004,4.841666666666666,NewJersey
848,2005,4.45,NewJersey
849,2006,4.7333333333333325,NewJersey
850,2007,4.2749999999999995,NewJersey
851,2008,5.358333333333334,NewJersey
852,2009,9.033333333333333,NewJersey
853,2010,9.533333333333333,NewJersey
854,2011,9.341666666666667,NewJersey
855,2012,9.333333333333334,NewJersey
856,2013,8.241666666666665,NewJersey
857,2014,6.741666666666667,NewJersey
858,2015,5.766666666666667,NewJersey
859,2016,4.983333333333333,NewJersey
860,2017,4.625000000000001,NewJersey
861,2018,4.091666666666666,NewJersey
862,2019,3.525000000000001,NewJersey
863,2020,9.799999999999999,NewJersey
864,1990,6.566666666666666,NewMexico
865,1991,7.158333333333334,NewMexico
866,1992,7.158333333333334,NewMexico
867,1993,6.966666666666668,NewMexico
868,1994,6.466666666666668,NewMexico
869,1995,6.583333333333333,NewMexico
870,1996,7.216666666666665,NewMexico
871,1997,6.325,NewMexico
872,1998,6.066666666666667,NewMexico
873,1999,5.558333333333334,NewMexico
874,2000,4.924999999999999,NewMexico
875,2001,4.925,NewMexico
876,2002,5.541666666666667,NewMexico
877,2003,5.841666666666668,NewMexico
878,2004,5.516666666666666,NewMexico
879,2005,5.083333333333334,NewMexico
880,2006,4.175,NewMexico
881,2007,3.7583333333333324,NewMexico
882,2008,4.483333333333333,NewMexico
883,2009,7.508333333333333,NewMexico
884,2010,8.1,NewMexico
885,2011,7.516666666666665,NewMexico
886,2012,7.116666666666666,NewMexico
887,2013,6.941666666666666,NewMexico
888,2014,6.675000000000002,NewMexico
889,2015,6.5,NewMexico
890,2016,6.591666666666669,NewMexico
891,2017,5.8500000000000005,NewMexico
892,2018,4.908333333333332,NewMexico
893,2019,4.883333333333332,NewMexico
894,2020,8.566666666666668,NewMexico
895,1990,4.425,NewYork
896,1991,6.375000000000001,NewYork
897,1992,7.091666666666668,NewYork
898,1993,6.383333333333333,NewYork
899,1994,5.825,NewYork
900,1995,5.208333333333333,NewYork
901,1996,4.658333333333333,NewYork
902,1997,4.516666666666667,NewYork
903,1998,4.108333333333333,NewYork
904,1999,4.108333333333333,NewYork
905,2000,3.7166666666666672,NewYork
906,2001,4.083333333333333,NewYork
907,2002,4.8999999999999995,NewYork
908,2003,5.091666666666668,NewYork
909,2004,4.966666666666667,NewYork
910,2005,4.475,NewYork
911,2006,4.258333333333334,NewYork
912,2007,4.233333333333333,NewYork
913,2008,5.316666666666666,NewYork
914,2009,7.616666666666667,NewYork
915,2010,7.933333333333334,NewYork
916,2011,7.7250000000000005,NewYork
917,2012,7.925000000000001,NewYork
918,2013,6.883333333333334,NewYork
919,2014,5.641666666666667,NewYork
920,2015,4.941666666666667,NewYork
921,2016,4.608333333333334,NewYork
922,2017,4.749999999999999,NewYork
923,2018,4.108333333333332,NewYork
924,2019,3.9583333333333335,NewYork
925,2020,8.308333333333334,NewYork
926,1990,4.108333333333333,NorthCarolina
927,1991,5.808333333333333,NorthCarolina
928,1992,6.041666666666667,NorthCarolina
929,1993,5.0249999999999995,NorthCarolina
930,1994,4.366666666666666,NorthCarolina
931,1995,4.308333333333333,NorthCarolina
932,1996,4.291666666666667,NorthCarolina
933,1997,3.758333333333334,NorthCarolina
934,1998,3.4499999999999997,NorthCarolina
935,1999,3.1916666666666664,NorthCarolina
936,2000,3.6833333333333336,NorthCarolina
937,2001,5.491666666666667,NorthCarolina
938,2002,6.625,NorthCarolina
939,2003,6.383333333333333,NorthCarolina
940,2004,5.4750000000000005,NorthCarolina
941,2005,5.241666666666667,NorthCarolina
942,2006,4.758333333333333,NorthCarolina
943,2007,4.716666666666667,NorthCarolina
944,2008,6.133333333333333,NorthCarolina
945,2009,10.575000000000001,NorthCarolina
946,2010,10.816666666666668,NorthCarolina
947,2011,10.266666666666667,NorthCarolina
948,2012,9.291666666666666,NorthCarolina
949,2013,7.958333333333333,NorthCarolina
950,2014,6.316666666666666,NorthCarolina
951,2015,5.691666666666666,NorthCarolina
952,2016,5.083333333333334,NorthCarolina
953,2017,4.466666666666666,NorthCarolina
954,2018,3.9833333333333325,NorthCarolina
955,2019,3.8833333333333333,NorthCarolina
956,2020,7.125000000000001,NorthCarolina
957,1990,4.0249999999999995,NorthDakota
958,1991,4.374999999999999,NorthDakota
959,1992,4.75,NorthDakota
960,1993,4.291666666666668,NorthDakota
961,1994,3.7083333333333335,NorthDakota
962,1995,3.233333333333333,NorthDakota
963,1996,2.9,NorthDakota
964,1997,2.733333333333333,NorthDakota
965,1998,2.891666666666666,NorthDakota
966,1999,3.2916666666666674,NorthDakota
967,2000,2.9583333333333335,NorthDakota
968,2001,2.933333333333333,NorthDakota
969,2002,3.741666666666666,NorthDakota
970,2003,3.716666666666667,NorthDakota
971,2004,3.4083333333333328,NorthDakota
972,2005,3.3749999999999987,NorthDakota
973,2006,3.208333333333334,NorthDakota
974,2007,3.1,NorthDakota
975,2008,3.1916666666666664,NorthDakota
976,2009,4.1000000000000005,NorthDakota
977,2010,3.7833333333333337,NorthDakota
978,2011,3.4666666666666663,NorthDakota
979,2012,3.066666666666667,NorthDakota
980,2013,2.916666666666666,NorthDakota
981,2014,2.6666666666666665,NorthDakota
982,2015,2.8000000000000003,NorthDakota
983,2016,3.091666666666667,NorthDakota
984,2017,2.6666666666666665,NorthDakota
985,2018,2.5749999999999997,NorthDakota
986,2019,2.366666666666666,NorthDakota
987,2020,5.116666666666667,NorthDakota
988,1990,5.741666666666667,Ohio
989,1991,6.491666666666666,Ohio
990,1992,7.358333333333334,Ohio
991,1993,6.675000000000001,Ohio
992,1994,5.6000000000000005,Ohio
993,1995,4.8916666666666675,Ohio
994,1996,5.275,Ohio
995,1997,4.858333333333334,Ohio
996,1998,4.725,Ohio
997,1999,4.625000000000001,Ohio
998,2000,4.3,Ohio
999,2001,4.483333333333333,Ohio
1000,2002,5.925,Ohio
1001,2003,6.425000000000001,Ohio
1002,2004,6.466666666666665,Ohio
1003,2005,6.099999999999999,Ohio
1004,2006,5.525000000000001,Ohio
1005,2007,5.550000000000001,Ohio
1006,2008,6.6000000000000005,Ohio
1007,2009,10.683333333333332,Ohio
1008,2010,10.650000000000002,Ohio
1009,2011,9.158333333333333,Ohio
1010,2012,7.6000000000000005,Ohio
1011,2013,7.583333333333336,Ohio
1012,2014,5.783333333333332,Ohio
1013,2015,4.8999999999999995,Ohio
1014,2016,4.983333333333333,Ohio
1015,2017,4.875,Ohio
1016,2018,4.4416666666666655,Ohio
1017,2019,4.15,Ohio
1018,2020,7.733333333333333,Ohio
1019,1990,5.683333333333334,Oklahoma
1020,1991,6.308333333333333,Oklahoma
1021,1992,6.0,Oklahoma
1022,1993,5.95,Oklahoma
1023,1994,5.550000000000001,Oklahoma
1024,1995,4.591666666666667,Oklahoma
1025,1996,4.066666666666666,Oklahoma
1026,1997,4.066666666666667,Oklahoma
1027,1998,4.241666666666666,Oklahoma
1028,1999,3.516666666666666,Oklahoma
1029,2000,3.0416666666666665,Oklahoma
1030,2001,3.6500000000000004,Oklahoma
1031,2002,4.666666666666667,Oklahoma
1032,2003,5.441666666666666,Oklahoma
1033,2004,4.858333333333335,Oklahoma
1034,2005,4.458333333333333,Oklahoma
1035,2006,4.025,Oklahoma
1036,2007,4.075,Oklahoma
1037,2008,3.766666666666667,Oklahoma
1038,2009,6.383333333333333,Oklahoma
1039,2010,6.775000000000001,Oklahoma
1040,2011,5.874999999999999,Oklahoma
1041,2012,5.266666666666667,Oklahoma
1042,2013,5.283333333333333,Oklahoma
1043,2014,4.508333333333334,Oklahoma
1044,2015,4.3999999999999995,Oklahoma
1045,2016,4.8,Oklahoma
1046,2017,4.216666666666667,Oklahoma
1047,2018,3.4416666666666664,Oklahoma
1048,2019,3.2916666666666665,Oklahoma
1049,2020,6.574999999999999,Oklahoma
1050,1990,5.5,Oregon
1051,1991,6.391666666666666,Oregon
1052,1992,7.374999999999999,Oregon
1053,1993,7.058333333333334,Oregon
1054,1994,5.441666666666666,Oregon
1055,1995,4.8999999999999995,Oregon
1056,1996,5.7,Oregon
1057,1997,5.666666666666667,Oregon
1058,1998,5.733333333333333,Oregon
1059,1999,5.508333333333333,Oregon
1060,2000,5.108333333333334,Oregon
1061,2001,6.425,Oregon
1062,2002,7.508333333333333,Oregon
1063,2003,8.141666666666666,Oregon
1064,2004,7.283333333333334,Oregon
1065,2005,6.1833333333333345,Oregon
1066,2006,5.333333333333333,Oregon
1067,2007,5.166666666666666,Oregon
1068,2008,6.566666666666666,Oregon
1069,2009,11.258333333333333,Oregon
1070,2010,10.608333333333334,Oregon
1071,2011,9.5,Oregon
1072,2012,8.825,Oregon
1073,2013,7.874999999999999,Oregon
1074,2014,6.766666666666667,Oregon
1075,2015,5.583333333333333,Oregon
1076,2016,4.816666666666666,Oregon
1077,2017,4.108333333333334,Oregon
1078,2018,4.05,Oregon
1079,2019,3.766666666666666,Oregon
1080,2020,8.075000000000001,Oregon
1081,1990,5.466666666666666,Pennsylvania
1082,1991,7.058333333333334,Pennsylvania
1083,1992,7.591666666666669,Pennsylvania
1084,1993,7.0,Pennsylvania
1085,1994,6.25,Pennsylvania
1086,1995,5.858333333333333,Pennsylvania
1087,1996,5.441666666666667,Pennsylvania
1088,1997,5.116666666666666,Pennsylvania
1089,1998,4.608333333333334,Pennsylvania
1090,1999,4.3999999999999995,Pennsylvania
1091,2000,4.125000000000001,Pennsylvania
1092,2001,4.8,Pennsylvania
1093,2002,5.608333333333334,Pennsylvania
1094,2003,5.666666666666667,Pennsylvania
1095,2004,5.425,Pennsylvania
1096,2005,4.966666666666666,Pennsylvania
1097,2006,4.591666666666667,Pennsylvania
1098,2007,4.391666666666667,Pennsylvania
1099,2008,5.316666666666667,Pennsylvania
1100,2009,8.049999999999999,Pennsylvania
1101,2010,8.433333333333334,Pennsylvania
1102,2011,7.925000000000001,Pennsylvania
1103,2012,7.825000000000002,Pennsylvania
1104,2013,7.341666666666666,Pennsylvania
1105,2014,5.875000000000001,Pennsylvania
1106,2015,5.283333333333334,Pennsylvania
1107,2016,5.375,Pennsylvania
1108,2017,4.858333333333334,Pennsylvania
1109,2018,4.258333333333334,Pennsylvania
1110,2019,4.3500000000000005,Pennsylvania
1111,2020,9.166666666666668,Pennsylvania
1112,1990,14.375,PuertoRico
1113,1991,16.008333333333336,PuertoRico
1114,1992,16.7,PuertoRico
1115,1993,17.000000000000004,PuertoRico
1116,1994,14.525,PuertoRico
1117,1995,13.700000000000001,PuertoRico
1118,1996,13.441666666666665,PuertoRico
1119,1997,13.449999999999998,PuertoRico
1120,1998,13.308333333333335,PuertoRico
1121,1999,11.700000000000001,PuertoRico
1122,2000,10.15,PuertoRico
1123,2001,11.341666666666667,PuertoRico
1124,2002,12.233333333333333,PuertoRico
1125,2003,11.966666666666667,PuertoRico
1126,2004,10.583333333333334,PuertoRico
1127,2005,11.266666666666666,PuertoRico
1128,2006,10.591666666666667,PuertoRico
1129,2007,11.158333333333333,PuertoRico
1130,2008,11.791666666666666,PuertoRico
1131,2009,15.375,PuertoRico
1132,2010,16.35,PuertoRico
1133,2011,15.966666666666667,PuertoRico
1134,2012,14.466666666666669,PuertoRico
1135,2013,14.233333333333334,PuertoRico
1136,2014,13.83333333333333,PuertoRico
1137,2015,12.058333333333332,PuertoRico
1138,2016,11.75,PuertoRico
1139,2017,10.908333333333333,PuertoRico
1140,2018,9.174999999999999,PuertoRico
1141,2019,8.191666666666666,PuertoRico
1142,2020,8.66,PuertoRico
1143,1990,6.374999999999999,RhodeIsland
1144,1991,8.566666666666668,RhodeIsland
1145,1992,8.883333333333335,RhodeIsland
1146,1993,7.766666666666666,RhodeIsland
1147,1994,6.916666666666665,RhodeIsland
1148,1995,6.316666666666666,RhodeIsland
1149,1996,5.449999999999999,RhodeIsland
1150,1997,5.141666666666667,RhodeIsland
1151,1998,4.608333333333333,RhodeIsland
1152,1999,4.1416666666666675,RhodeIsland
1153,2000,4.075000000000001,RhodeIsland
1154,2001,4.558333333333333,RhodeIsland
1155,2002,4.983333333333333,RhodeIsland
1156,2003,5.333333333333331,RhodeIsland
1157,2004,5.158333333333333,RhodeIsland
1158,2005,5.041666666666667,RhodeIsland
1159,2006,4.9416666666666655,RhodeIsland
1160,2007,5.191666666666666,RhodeIsland
1161,2008,7.808333333333334,RhodeIsland
1162,2009,10.975000000000001,RhodeIsland
1163,2010,11.199999999999998,RhodeIsland
1164,2011,11.024999999999999,RhodeIsland
1165,2012,10.391666666666667,RhodeIsland
1166,2013,9.266666666666666,RhodeIsland
1167,2014,7.6916666666666655,RhodeIsland
1168,2015,6.0,RhodeIsland
1169,2016,5.191666666666666,RhodeIsland
1170,2017,4.416666666666666,RhodeIsland
1171,2018,3.9666666666666655,RhodeIsland
1172,2019,3.5750000000000006,RhodeIsland
1173,2020,9.65,RhodeIsland
1174,1990,4.833333333333333,SouthCarolina
1175,1991,6.141666666666667,SouthCarolina
1176,1992,6.750000000000001,SouthCarolina
1177,1993,7.291666666666665,SouthCarolina
1178,1994,6.208333333333332,SouthCarolina
1179,1995,5.191666666666666,SouthCarolina
1180,1996,5.791666666666667,SouthCarolina
1181,1997,4.591666666666666,SouthCarolina
1182,1998,3.775,SouthCarolina
1183,1999,4.258333333333333,SouthCarolina
1184,2000,3.8000000000000003,SouthCarolina
1185,2001,5.208333333333333,SouthCarolina
1186,2002,5.858333333333334,SouthCarolina
1187,2003,6.900000000000001,SouthCarolina
1188,2004,6.824999999999998,SouthCarolina
1189,2005,6.716666666666668,SouthCarolina
1190,2006,6.458333333333333,SouthCarolina
1191,2007,5.650000000000001,SouthCarolina
1192,2008,6.8500000000000005,SouthCarolina
1193,2009,11.233333333333333,SouthCarolina
1194,2010,11.133333333333335,SouthCarolina
1195,2011,10.541666666666668,SouthCarolina
1196,2012,9.200000000000001,SouthCarolina
1197,2013,7.616666666666666,SouthCarolina
1198,2014,6.458333333333333,SouthCarolina
1199,2015,5.974999999999999,SouthCarolina
1200,2016,5.025,SouthCarolina
1201,2017,4.275000000000001,SouthCarolina
1202,2018,3.4583333333333326,SouthCarolina
1203,2019,2.858333333333333,SouthCarolina
1204,2020,6.291666666666667,SouthCarolina
1205,1990,3.7833333333333337,SouthDakota
1206,1991,3.4916666666666667,SouthDakota
1207,1992,3.3166666666666664,SouthDakota
1208,1993,3.3416666666666663,SouthDakota
1209,1994,3.2750000000000004,SouthDakota
1210,1995,3.0416666666666674,SouthDakota
1211,1996,3.1500000000000004,SouthDakota
1212,1997,2.941666666666666,SouthDakota
1213,1998,2.7916666666666665,SouthDakota
1214,1999,2.725,SouthDakota
1215,2000,2.4583333333333335,SouthDakota
1216,2001,3.091666666666667,SouthDakota
1217,2002,3.191666666666667,SouthDakota
1218,2003,3.5333333333333337,SouthDakota
1219,2004,3.7166666666666663,SouthDakota
1220,2005,3.8000000000000003,SouthDakota
1221,2006,3.116666666666667,SouthDakota
1222,2007,2.8250000000000006,SouthDakota
1223,2008,3.0999999999999996,SouthDakota
1224,2009,4.925,SouthDakota
1225,2010,4.974999999999999,SouthDakota
1226,2011,4.7250000000000005,SouthDakota
1227,2012,4.266666666666667,SouthDakota
1228,2013,3.7833333333333337,SouthDakota
1229,2014,3.4083333333333328,SouthDakota
1230,2015,3.1,SouthDakota
1231,2016,2.983333333333334,SouthDakota
1232,2017,3.208333333333334,SouthDakota
1233,2018,3.0749999999999997,SouthDakota
1234,2019,3.283333333333333,SouthDakota
1235,2020,5.233333333333333,SouthDakota
1236,1990,5.383333333333334,Tennessee
1237,1991,6.783333333333331,Tennessee
1238,1992,6.491666666666667,Tennessee
1239,1993,5.824999999999999,Tennessee
1240,1994,4.833333333333334,Tennessee
1241,1995,5.166666666666667,Tennessee
1242,1996,5.141666666666667,Tennessee
1243,1997,5.266666666666667,Tennessee
1244,1998,4.3,Tennessee
1245,1999,3.958333333333332,Tennessee
1246,2000,3.866666666666666,Tennessee
1247,2001,4.575,Tennessee
1248,2002,5.174999999999999,Tennessee
1249,2003,5.625,Tennessee
1250,2004,5.358333333333333,Tennessee
1251,2005,5.558333333333333,Tennessee
1252,2006,5.225,Tennessee
1253,2007,4.666666666666667,Tennessee
1254,2008,6.625,Tennessee
1255,2009,10.458333333333332,Tennessee
1256,2010,9.633333333333335,Tennessee
1257,2011,8.966666666666665,Tennessee
1258,2012,7.824999999999999,Tennessee
1259,2013,7.733333333333333,Tennessee
1260,2014,6.600000000000001,Tennessee
1261,2015,5.6000000000000005,Tennessee
1262,2016,4.7333333333333325,Tennessee
1263,2017,3.766666666666667,Tennessee
1264,2018,3.525,Tennessee
1265,2019,3.3916666666666657,Tennessee
1266,2020,7.483333333333333,Tennessee
1267,1990,6.333333333333332,Texas
1268,1991,6.925,Texas
1269,1992,7.633333333333333,Texas
1270,1993,7.158333333333334,Texas
1271,1994,6.491666666666667,Texas
1272,1995,6.058333333333334,Texas
1273,1996,5.691666666666666,Texas
1274,1997,5.3,Texas
1275,1998,4.883333333333333,Texas
1276,1999,4.666666666666668,Texas
1277,2000,4.275,Texas
1278,2001,4.958333333333333,Texas
1279,2002,6.366666666666666,Texas
1280,2003,6.691666666666666,Texas
1281,2004,5.9416666666666655,Texas
1282,2005,5.408333333333331,Texas
1283,2006,4.891666666666667,Texas
1284,2007,4.274999999999999,Texas
1285,2008,4.825,Texas
1286,2009,7.5666666666666655,Texas
1287,2010,8.133333333333331,Texas
1288,2011,7.758333333333333,Texas
1289,2012,6.741666666666667,Texas
1290,2013,6.25,Texas
1291,2014,5.116666666666667,Texas
1292,2015,4.425,Texas
1293,2016,4.633333333333333,Texas
1294,2017,4.308333333333334,Texas
1295,2018,3.8416666666666672,Texas
1296,2019,3.508333333333333,Texas
1297,2020,7.691666666666666,Texas
1298,1990,4.408333333333332,Utah
1299,1991,4.708333333333332,Utah
1300,1992,4.833333333333333,Utah
1301,1993,4.083333333333333,Utah
1302,1994,3.7916666666666665,Utah
1303,1995,3.4999999999999996,Utah
1304,1996,3.3499999999999996,Utah
1305,1997,3.1916666666666664,Utah
1306,1998,3.6500000000000004,Utah
1307,1999,3.566666666666667,Utah
1308,2000,3.35,Utah
1309,2001,4.408333333333334,Utah
1310,2002,5.791666666666667,Utah
1311,2003,5.650000000000001,Utah
1312,2004,4.966666666666667,Utah
1313,2005,4.075,Utah
1314,2006,2.983333333333333,Utah
1315,2007,2.5916666666666663,Utah
1316,2008,3.5833333333333335,Utah
1317,2009,7.316666666666666,Utah
1318,2010,7.833333333333332,Utah
1319,2011,6.75,Utah
1320,2012,5.400000000000001,Utah
1321,2013,4.591666666666666,Utah
1322,2014,3.8166666666666678,Utah
1323,2015,3.600000000000001,Utah
1324,2016,3.4499999999999993,Utah
1325,2017,3.258333333333334,Utah
1326,2018,3.0500000000000003,Utah
1327,2019,2.5999999999999996,Utah
1328,2020,4.891666666666667,Utah
1329,1990,4.999999999999999,Vermont
1330,1991,6.566666666666666,Vermont
1331,1992,6.108333333333333,Vermont
1332,1993,5.158333333333333,Vermont
1333,1994,4.566666666666666,Vermont
1334,1995,4.258333333333332,Vermont
1335,1996,4.275,Vermont
1336,1997,3.9166666666666665,Vermont
1337,1998,3.4,Vermont
1338,1999,2.9499999999999997,Vermont
1339,2000,2.7999999999999994,Vermont
1340,2001,3.3083333333333336,Vermont
1341,2002,3.991666666666667,Vermont
1342,2003,4.300000000000001,Vermont
1343,2004,3.6666666666666665,Vermont
1344,2005,3.4916666666666667,Vermont
1345,2006,3.683333333333333,Vermont
1346,2007,4.025000000000001,Vermont
1347,2008,4.708333333333333,Vermont
1348,2009,6.566666666666666,Vermont
1349,2010,6.083333333333335,Vermont
1350,2011,5.466666666666666,Vermont
1351,2012,4.925,Vermont
1352,2013,4.408333333333333,Vermont
1353,2014,3.9333333333333322,Vermont
1354,2015,3.558333333333333,Vermont
1355,2016,3.216666666666667,Vermont
1356,2017,2.9416666666666664,Vermont
1357,2018,2.5499999999999994,Vermont
1358,2019,2.366666666666666,Vermont
1359,2020,6.116666666666666,Vermont
1360,1990,4.45,Virginia
1361,1991,5.908333333333331,Virginia
1362,1992,6.266666666666667,Virginia
1363,1993,5.258333333333334,Virginia
1364,1994,4.841666666666666,Virginia
1365,1995,4.525000000000001,Virginia
1366,1996,4.433333333333333,Virginia
1367,1997,3.841666666666667,Virginia
1368,1998,2.9,Virginia
1369,1999,2.7500000000000004,Virginia
1370,2000,2.3000000000000003,Virginia
1371,2001,3.233333333333333,Virginia
1372,2002,4.2250000000000005,Virginia
1373,2003,4.125,Virginia
1374,2004,3.8000000000000007,Virginia
1375,2005,3.5749999999999997,Virginia
1376,2006,3.1166666666666667,Virginia
1377,2007,3.041666666666666,Virginia
1378,2008,3.9583333333333335,Virginia
1379,2009,6.683333333333334,Virginia
1380,2010,7.125000000000001,Virginia
1381,2011,6.591666666666668,Virginia
1382,2012,6.058333333333333,Virginia
1383,2013,5.7,Virginia
1384,2014,5.233333333333334,Virginia
1385,2015,4.458333333333333,Virginia
1386,2016,4.100000000000001,Virginia
1387,2017,3.6999999999999997,Virginia
1388,2018,3.041666666666666,Virginia
1389,2019,2.8000000000000003,Virginia
1390,2020,6.000000000000001,Virginia
1391,1990,6.433333333333333,Washington
1392,1991,7.666666666666668,Washington
1393,1992,8.508333333333335,Washington
1394,1993,8.383333333333333,Washington
1395,1994,7.708333333333333,Washington
1396,1995,7.574999999999999,Washington
1397,1996,7.166666666666667,Washington
1398,1997,5.875,Washington
1399,1998,5.866666666666666,Washington
1400,1999,5.916666666666667,Washington
1401,2000,6.183333333333333,Washington
1402,2001,7.416666666666667,Washington
1403,2002,8.150000000000004,Washington
1404,2003,8.15,Washington
1405,2004,7.058333333333333,Washington
1406,2005,6.3166666666666655,Washington
1407,2006,5.925,Washington
1408,2007,5.741666666666667,Washington
1409,2008,6.366666666666667,Washington
1410,2009,9.691666666666668,Washington
1411,2010,10.391666666666664,Washington
1412,2011,9.983333333333333,Washington
1413,2012,9.299999999999999,Washington
1414,2013,8.4,Washington
1415,2014,7.0249999999999995,Washington
1416,2015,6.750000000000001,Washington
1417,2016,6.333333333333333,Washington
1418,2017,5.591666666666666,Washington
1419,2018,5.425,Washington
1420,2019,5.383333333333333,Washington
1421,2020,8.708333333333334,Washington
1422,1990,8.466666666666667,WestVirginia
1423,1991,10.666666666666666,WestVirginia
1424,1992,11.316666666666668,WestVirginia
1425,1993,10.641666666666667,WestVirginia
1426,1994,8.825,WestVirginia
1427,1995,7.875,WestVirginia
1428,1996,7.483333333333334,WestVirginia
1429,1997,6.850000000000001,WestVirginia
1430,1998,6.616666666666668,WestVirginia
1431,1999,6.45,WestVirginia
1432,2000,5.483333333333333,WestVirginia
1433,2001,5.0249999999999995,WestVirginia
1434,2002,5.916666666666667,WestVirginia
1435,2003,6.041666666666667,WestVirginia
1436,2004,5.316666666666667,WestVirginia
1437,2005,5.1000000000000005,WestVirginia
1438,2006,4.95,WestVirginia
1439,2007,4.5583333333333345,WestVirginia
1440,2008,4.366666666666666,WestVirginia
1441,2009,7.708333333333335,WestVirginia
1442,2010,8.624999999999998,WestVirginia
1443,2011,8.058333333333335,WestVirginia
1444,2012,7.491666666666667,WestVirginia
1445,2013,6.791666666666667,WestVirginia
1446,2014,6.633333333333333,WestVirginia
1447,2015,6.733333333333334,WestVirginia
1448,2016,6.075,WestVirginia
1449,2017,5.191666666666666,WestVirginia
1450,2018,5.208333333333334,WestVirginia
1451,2019,4.883333333333334,WestVirginia
1452,2020,8.475,WestVirginia
1453,1990,4.383333333333334,Wisconsin
1454,1991,5.474999999999999,Wisconsin
1455,1992,5.116666666666666,Wisconsin
1456,1993,4.783333333333333,Wisconsin
1457,1994,4.483333333333333,Wisconsin
1458,1995,3.774999999999999,Wisconsin
1459,1996,3.625,Wisconsin
1460,1997,3.5499999999999994,Wisconsin
1461,1998,3.358333333333334,Wisconsin
1462,1999,3.1250000000000004,Wisconsin
1463,2000,3.5416666666666665,Wisconsin
1464,2001,4.525,Wisconsin
1465,2002,5.383333333333333,Wisconsin
1466,2003,5.7,Wisconsin
1467,2004,5.0249999999999995,Wisconsin
1468,2005,4.716666666666666,Wisconsin
1469,2006,4.741666666666665,Wisconsin
1470,2007,4.891666666666667,Wisconsin
1471,2008,4.925,Wisconsin
1472,2009,8.575,Wisconsin
1473,2010,8.641666666666667,Wisconsin
1474,2011,7.758333333333333,Wisconsin
1475,2012,7.033333333333335,Wisconsin
1476,2013,6.7,Wisconsin
1477,2014,5.3999999999999995,Wisconsin
1478,2015,4.5249999999999995,Wisconsin
1479,2016,4.008333333333333,Wisconsin
1480,2017,3.266666666666667,Wisconsin
1481,2018,3.0,Wisconsin
1482,2019,3.3499999999999996,Wisconsin
1483,2020,6.666666666666665,Wisconsin
1484,1990,5.324999999999999,Wyoming
1485,1991,5.241666666666667,Wyoming
1486,1992,5.575,Wyoming
1487,1993,5.374999999999999,Wyoming
1488,1994,4.958333333333333,Wyoming
1489,1995,4.7749999999999995,Wyoming
1490,1996,4.941666666666666,Wyoming
1491,1997,4.758333333333334,Wyoming
1492,1998,4.699999999999999,Wyoming
1493,1999,4.616666666666666,Wyoming
1494,2000,3.883333333333333,Wyoming
1495,2001,3.7999999999999994,Wyoming
1496,2002,4.033333333333333,Wyoming
1497,2003,4.2666666666666675,Wyoming
1498,2004,3.816666666666667,Wyoming
1499,2005,3.5750000000000006,Wyoming
1500,2006,3.1749999999999994,Wyoming
1501,2007,2.849999999999999,Wyoming
1502,2008,3.0666666666666664,Wyoming
1503,2009,6.333333333333332,Wyoming
1504,2010,6.449999999999999,Wyoming
1505,2011,5.791666666666668,Wyoming
1506,2012,5.308333333333333,Wyoming
1507,2013,4.716666666666667,Wyoming
1508,2014,4.133333333333334,Wyoming
1509,2015,4.333333333333333,Wyoming
1510,2016,5.316666666666666,Wyoming
1511,2017,4.166666666666667,Wyoming
1512,2018,3.8666666666666667,Wyoming
1513,2019,3.600000000000001,Wyoming
1514,2020,6.033333333333332,Wyoming
1515,1990,6.791666666666667,Alabama
1516,1991,7.3500000000000005,Alabama
1517,1992,7.566666666666669,Alabama
1518,1993,7.366666666666667,Alabama
1519,1994,6.191666666666667,Alabama
1520,1995,5.95,Alabama
1521,1996,5.2250000000000005,Alabama
1522,1997,4.975,Alabama
1523,1998,4.391666666666667,Alabama
1524,1999,4.733333333333332,Alabama
1525,2000,4.575,Alabama
1526,2001,5.1000000000000005,Alabama
1527,2002,5.899999999999999,Alabama
1528,2003,6.025000000000001,Alabama
1529,2004,5.7,Alabama
1530,2005,4.499999999999999,Alabama
1531,2006,4.066666666666667,Alabama
1532,2007,3.9749999999999996,Alabama
1533,2008,5.716666666666666,Alabama
1534,2009,10.991666666666667,Alabama
1535,2010,10.541666666666666,Alabama
1536,2011,9.616666666666667,Alabama
1537,2012,7.983333333333332,Alabama
1538,2013,7.216666666666668,Alabama
1539,2014,6.758333333333334,Alabama
1540,2015,6.083333333333333,Alabama
1541,2016,5.841666666666666,Alabama
1542,2017,4.416666666666667,Alabama
1543,2018,3.8750000000000004,Alabama
1544,2019,2.9916666666666667,Alabama
1545,2020,6.1333333333333355,Alabama
1546,1990,7.233333333333334,Alaska
1547,1991,8.458333333333334,Alaska
1548,1992,8.916666666666668,Alaska
1549,1993,7.708333333333332,Alaska
1550,1994,7.566666666666667,Alaska
1551,1995,7.316666666666666,Alaska
1552,1996,7.583333333333333,Alaska
1553,1997,7.141666666666667,Alaska
1554,1998,6.358333333333333,Alaska
1555,1999,6.466666666666666,Alaska
1556,2000,6.358333333333333,Alaska
1557,2001,6.416666666666667,Alaska
1558,2002,7.3,Alaska
1559,2003,7.8166666666666655,Alaska
1560,2004,7.45,Alaska
1561,2005,6.883333333333334,Alaska
1562,2006,6.625000000000001,Alaska
1563,2007,6.3500000000000005,Alaska
1564,2008,6.708333333333335,Alaska
1565,2009,7.733333333333333,Alaska
1566,2010,7.874999999999999,Alaska
1567,2011,7.566666666666667,Alaska
1568,2012,7.133333333333333,Alaska
1569,2013,7.0,Alaska
1570,2014,6.866666666666666,Alaska
1571,2015,6.533333333333332,Alaska
1572,2016,6.858333333333334,Alaska
1573,2017,6.883333333333333,Alaska
1574,2018,6.45,Alaska
1575,2019,6.141666666666667,Alaska
1576,2020,8.316666666666668,Alaska
1577,1990,5.258333333333335,Arizona
1578,1991,5.966666666666666,Arizona
1579,1992,7.541666666666667,Arizona
1580,1993,6.408333333333332,Arizona
1581,1994,6.1499999999999995,Arizona
1582,1995,5.358333333333332,Arizona
1583,1996,5.566666666666667,Arizona
1584,1997,4.583333333333332,Arizona
1585,1998,4.324999999999999,Arizona
1586,1999,4.441666666666666,Arizona
1587,2000,3.9749999999999996,Arizona
1588,2001,4.775000000000001,Arizona
1589,2002,6.1000000000000005,Arizona
1590,2003,5.766666666666667,Arizona
1591,2004,5.041666666666665,Arizona
1592,2005,4.666666666666667,Arizona
1593,2006,4.2250000000000005,Arizona
1594,2007,3.8249999999999997,Arizona
1595,2008,6.141666666666666,Arizona
1596,2009,9.925,Arizona
1597,2010,10.35,Arizona
1598,2011,9.5,Arizona
1599,2012,8.333333333333334,Arizona
1600,2013,7.741666666666666,Arizona
1601,2014,6.8,Arizona
1602,2015,6.058333333333334,Arizona
1603,2016,5.375,Arizona
1604,2017,4.858333333333334,Arizona
1605,2018,4.741666666666666,Arizona
1606,2019,4.7,Arizona
1607,2020,7.833333333333335,Arizona
